{"cameraMode":{"drawMode":0,"name":"Shaded","section":"Shading Mode"},"sceneLighting":true,"audioPlay":false,"sceneViewState":{"m_AlwaysRefresh":false,"showFog":true,"showSkybox":true,"showFlares":true,"showImageEffects":true,"showParticleSystems":true,"showVisualEffectGraphs":true,"m_FxEnabled":true},"in2DMode":false,"pivot":{"x":11.949087142944336,"y":-1.8703240156173707,"z":0.8958592414855957},"rotation":{"x":0.028817925602197648,"y":0.9499597549438477,"z":-0.2973155975341797,"w":0.09238630533218384},"size":2.452106475830078,"orthographic":false}