{"cameraMode":{"drawMode":0,"name":"Shaded","section":"Shading Mode"},"sceneLighting":false,"audioPlay":false,"sceneViewState":{"m_AlwaysRefresh":false,"showFog":false,"showSkybox":false,"showFlares":false,"showImageEffects":false,"showParticleSystems":false,"showVisualEffectGraphs":true,"m_FxEnabled":true},"in2DMode":false,"pivot":{"x":0.3505922257900238,"y":1.7881138324737549,"z":-1.3466086387634278},"rotation":{"x":0.0032577323727309705,"y":0.9861984252929688,"z":-0.1645289659500122,"w":0.019530344754457475},"size":2.4521067142486574,"orthographic":false}